,code,date,p_change
0,600609,2017-12-11,10.08
1,600604,2017-12-11,10.07
2,600604,2017-10-17,9.96
3,600604,2017-08-16,9.98
4,600604,2017-08-10,10.02
5,600604,2017-07-31,9.97
6,600604,2017-07-28,9.96
7,600604,2017-07-27,10.0
8,002023,2017-12-11,10.05
9,002279,2017-12-11,10.03
10,603138,2017-12-11,10.01
11,603138,2017-08-28,10.02
12,603881,2017-12-11,10.01
13,603881,2017-10-10,10.0
14,603881,2017-10-09,10.0
15,603881,2017-06-05,10.0
16,600520,2017-12-11,10.01
17,002294,2017-12-11,10.0
18,002264,2017-12-11,10.0
19,002264,2017-12-08,10.05
20,002264,2017-10-19,10.0
21,002264,2017-10-16,10.02
22,002264,2017-10-11,10.03
23,002264,2017-10-10,10.03
24,002264,2017-10-09,10.01
25,002264,2017-09-29,9.99
26,002264,2017-09-28,9.98
27,002264,2017-09-27,9.99
28,002153,2017-12-11,10.0
29,002153,2017-06-22,10.0
30,600521,2017-12-11,9.99
31,601116,2017-12-11,9.98
32,601116,2017-08-15,10.01
33,601116,2017-06-14,10.0
34,000759,2017-12-11,9.98
35,000759,2017-12-08,9.96
36,000759,2017-07-26,9.97
37,000759,2017-07-10,10.0
38,600438,2017-12-11,9.96
39,600438,2017-11-10,10.01
40,600438,2017-07-31,10.06
41,002428,2017-12-11,9.96
42,002428,2017-07-19,9.99
43,600588,2017-09-04,10.02
44,600588,2017-09-01,10.01
45,600588,2017-08-14,10.02
46,002642,2017-07-13,10.01
47,000868,2017-10-09,9.98
48,000868,2017-09-29,10.04
49,000868,2017-09-28,10.01
50,000868,2017-09-22,9.96
51,000868,2017-09-15,10.04
52,000868,2017-09-14,10.03
53,000868,2017-09-13,10.08
54,000868,2017-09-12,10.04
55,000868,2017-09-11,10.08
56,002261,2017-12-08,10.05
57,002261,2017-11-22,9.97
58,002182,2017-07-27,9.97
59,002182,2017-07-25,10.01
60,002182,2017-06-26,10.01
61,002095,2017-09-08,10.01
62,002156,2017-11-20,9.98
63,002156,2017-11-03,10.01
64,002156,2017-09-21,9.99
65,002156,2017-09-20,10.04
66,600419,2017-09-18,10.01
67,000626,2017-08-16,10.01
68,000626,2017-06-14,9.99
69,601313,2017-11-30,10.01
70,601313,2017-11-29,10.0
71,601313,2017-11-28,9.99
72,601313,2017-11-27,10.0
73,601313,2017-11-24,10.01
74,601313,2017-11-23,10.0
75,601313,2017-11-22,10.0
76,601313,2017-11-21,10.0
77,601313,2017-11-20,9.98
78,601313,2017-11-17,10.03
79,601313,2017-11-16,9.98
80,601313,2017-11-15,10.01
81,601313,2017-11-14,10.03
82,601313,2017-11-13,10.02
83,601313,2017-11-10,10.0
84,601313,2017-11-09,9.96
85,601313,2017-11-08,10.03
86,601313,2017-11-07,10.01
87,603336,2017-12-08,9.98
88,000418,2017-10-25,10.0
89,000503,2017-12-08,10.01
90,000503,2017-12-07,10.0
91,000503,2017-12-05,9.99
92,000503,2017-12-04,9.99
93,002856,2017-11-20,10.01
94,002856,2017-10-13,9.99
95,002856,2017-10-12,10.01
96,002474,2017-08-14,10.01
97,603799,2017-08-22,10.0
98,603799,2017-06-13,10.01
99,603096,2017-08-14,10.0
100,603096,2017-07-27,10.0
101,002537,2017-08-08,10.01
102,600213,2017-09-18,9.97
103,002493,2017-11-28,9.99
104,002493,2017-11-16,10.01
105,002662,2017-10-11,10.04
106,002662,2017-10-10,10.01
107,002662,2017-10-09,10.0
108,002662,2017-09-29,10.03
109,600129,2017-11-06,10.02
110,601012,2017-11-10,9.99
111,601012,2017-09-11,10.01
112,603690,2017-11-10,9.98
113,603690,2017-11-09,9.98
114,603690,2017-09-20,10.02
115,603690,2017-09-01,9.98
116,603690,2017-08-31,9.99
117,002019,2017-11-06,9.98
118,600602,2017-08-03,10.0
119,600702,2017-10-30,10.01
120,002314,2017-11-01,10.05
121,000921,2017-06-23,10.0
122,000977,2017-07-27,10.03
123,603528,2017-08-16,10.02
124,603528,2017-06-08,9.99
125,603528,2017-06-07,10.04
126,002049,2017-11-28,10.0
127,002049,2017-11-20,10.0
128,002049,2017-09-20,10.01
129,600814,2017-11-24,10.04
130,600814,2017-07-18,9.98
131,600814,2017-07-11,9.99
132,601222,2017-11-20,9.97
133,601222,2017-11-13,10.05
134,002817,2017-09-15,10.0
135,002817,2017-07-19,10.01
136,600809,2017-09-18,9.97
137,002355,2017-09-15,10.04
138,002781,2017-11-01,10.0
139,000611,2017-06-30,10.06
140,002379,2017-06-27,10.04
141,002379,2017-06-06,10.01
142,002336,2017-12-01,9.98
143,002336,2017-11-30,9.98
144,603180,2017-10-23,10.0
145,603180,2017-10-10,10.01
146,002708,2017-07-04,9.96
147,600845,2017-06-13,10.01
148,000957,2017-09-18,10.02
149,603005,2017-11-28,10.0
150,603005,2017-09-20,10.0
151,603159,2017-06-15,10.01
152,000813,2017-11-21,10.02
153,000813,2017-11-08,10.06
154,000560,2017-10-17,10.04
155,000560,2017-10-13,10.02
156,000560,2017-08-29,9.99
157,000560,2017-07-26,9.97
158,600797,2017-08-16,10.0
159,002591,2017-06-19,10.02
160,002591,2017-06-16,10.03
161,002618,2017-11-10,10.0
162,603501,2017-12-06,9.99
163,603501,2017-12-01,9.92
164,603501,2017-11-10,10.01
165,603501,2017-11-09,10.01
166,603501,2017-11-01,9.99
167,603501,2017-10-12,10.01
168,603501,2017-10-11,10.0
169,603501,2017-10-10,9.99
170,603501,2017-10-09,10.0
171,603501,2017-09-28,10.01
172,603501,2017-09-27,10.03
173,002422,2017-12-01,9.99
174,002530,2017-06-15,9.99
175,000671,2017-11-29,10.02
176,000671,2017-09-14,9.93
177,000671,2017-09-07,9.98
178,603688,2017-11-13,9.98
179,603688,2017-08-03,10.02
180,000798,2017-07-20,9.99
181,002680,2017-09-08,10.03
182,600756,2017-10-10,10.02
183,002742,2017-11-20,10.01
184,002742,2017-09-14,10.0
185,002742,2017-08-31,10.0
186,600835,2017-11-09,10.0
187,603996,2017-10-16,9.98
188,000938,2017-11-20,10.0
189,002866,2017-11-24,10.0
190,002225,2017-09-01,10.0
191,002225,2017-07-24,10.0
192,002225,2017-07-21,10.07
193,600406,2017-06-09,9.99
194,002583,2017-11-06,10.0
195,601919,2017-07-28,10.08
196,601919,2017-07-26,10.09
197,002771,2017-06-27,10.01
198,002771,2017-06-13,10.0
199,002771,2017-06-07,10.0
200,603801,2017-07-05,10.0
201,603801,2017-07-04,10.01
202,603801,2017-07-03,10.0
203,603801,2017-06-30,44.01
204,600516,2017-08-02,10.0
205,600516,2017-07-28,10.01
206,600516,2017-07-24,10.01
207,600516,2017-07-18,9.94
208,600516,2017-07-07,9.99
209,600516,2017-06-26,10.0
210,002281,2017-11-20,10.01
211,002447,2017-11-21,9.96
212,000830,2017-09-26,9.97
213,600996,2017-08-10,9.98
214,600884,2017-09-11,10.02
215,600884,2017-07-28,10.02
216,002722,2017-06-14,10.0
217,002722,2017-06-13,10.01
218,601100,2017-10-31,9.99
219,002176,2017-09-13,10.03
220,002812,2017-09-07,10.0
221,002812,2017-07-03,10.0
222,601127,2017-07-19,9.99
223,002432,2017-10-12,9.98
224,002432,2017-10-11,9.97
225,002432,2017-10-10,10.05
226,002766,2017-09-07,10.02
227,000795,2017-08-09,9.95
228,000795,2017-07-26,10.08
229,603938,2017-11-09,10.01
230,603938,2017-11-08,9.98
231,603938,2017-08-31,10.02
232,603938,2017-08-30,10.02
233,603938,2017-07-07,10.0
234,603938,2017-07-06,10.02
235,603938,2017-07-05,9.98
236,603938,2017-07-04,10.01
237,603938,2017-07-03,10.0
238,603938,2017-06-30,10.02
239,603938,2017-06-29,10.01
240,603938,2017-06-28,43.98
241,002315,2017-10-10,9.99
242,002315,2017-10-09,10.0
243,002315,2017-08-25,9.99
244,002826,2017-09-14,10.01
245,603189,2017-10-20,10.0
246,600456,2017-09-20,10.01
247,600460,2017-12-06,10.04
248,600460,2017-12-01,9.97
249,600460,2017-11-28,10.04
250,600460,2017-11-10,10.04
251,600460,2017-09-29,10.03
252,600460,2017-09-20,10.02
253,600460,2017-09-18,9.97
254,600460,2017-08-15,10.05
255,002456,2017-07-19,9.95
256,600418,2017-10-09,10.03
257,002285,2017-11-09,9.99
258,002285,2017-10-17,10.02
259,002285,2017-08-29,10.0
260,002285,2017-07-26,9.96
261,002090,2017-06-27,10.0
262,603177,2017-10-16,10.0
263,603177,2017-10-13,9.99
264,603177,2017-08-24,10.03
265,603177,2017-08-16,9.99
266,002660,2017-10-26,10.02
267,002660,2017-09-29,9.96
268,002660,2017-09-06,10.0
269,600055,2017-10-10,10.03
270,600055,2017-09-07,10.04
271,000823,2017-10-20,10.03
272,603993,2017-09-11,9.91
273,603993,2017-07-06,10.02
274,603918,2017-10-16,9.98
275,603918,2017-08-03,10.01
276,002780,2017-08-17,10.02
277,002780,2017-07-20,10.02
278,002780,2017-06-14,10.01
279,002230,2017-11-13,10.0
280,002230,2017-08-14,10.01
281,002230,2017-07-27,9.93
282,601233,2017-11-28,10.02
283,603999,2017-06-15,9.98
284,000507,2017-06-13,9.97
285,000507,2017-06-08,9.97
286,000507,2017-06-07,9.98
287,000791,2017-10-13,10.01
288,000791,2017-10-12,10.04
289,000791,2017-10-11,9.98
290,002018,2017-07-07,10.03
291,600380,2017-09-01,10.02
292,002192,2017-10-24,10.0
293,002192,2017-10-20,10.0
294,002192,2017-09-13,10.01
295,002192,2017-08-31,10.0
296,002192,2017-08-01,10.02
297,002671,2017-06-08,9.97
298,603727,2017-11-07,10.0
299,603636,2017-11-28,10.05
300,603636,2017-09-08,9.97
301,603636,2017-06-07,10.0
302,603589,2017-11-06,10.0
303,002195,2017-07-27,10.08
304,601088,2017-09-01,9.99
305,002802,2017-07-27,10.01
306,002802,2017-07-18,10.0
307,002802,2017-07-17,9.99
308,002802,2017-07-14,10.0
309,002747,2017-09-11,10.02
310,002747,2017-09-04,10.0
311,002747,2017-07-21,9.99
312,002747,2017-06-07,10.04
313,600498,2017-09-27,10.0
314,600559,2017-11-15,10.0
315,600559,2017-11-14,10.0
316,600559,2017-11-13,10.0
317,600559,2017-11-10,10.01
318,600559,2017-11-09,10.0
319,600559,2017-11-08,9.98
320,600571,2017-07-07,9.99
321,601336,2017-08-01,10.01
322,000582,2017-10-24,10.03
323,002217,2017-10-23,10.04
324,002373,2017-11-28,9.99
325,002373,2017-08-15,10.02
326,600010,2017-07-31,10.2
327,603800,2017-09-05,10.02
328,603169,2017-06-05,10.02
329,603098,2017-08-02,10.02
330,603098,2017-06-07,10.01
331,000835,2017-07-28,9.96
332,002636,2017-07-18,10.0
333,002636,2017-06-26,10.0
334,603019,2017-11-07,10.01
335,603019,2017-09-28,9.99
336,603019,2017-08-21,10.01
337,002038,2017-11-09,10.0
338,600846,2017-08-17,9.99
339,600846,2017-08-03,9.99
340,600846,2017-07-20,10.05
341,600846,2017-07-19,10.0
342,002377,2017-10-24,10.02
343,002377,2017-07-26,9.99
344,002377,2017-07-21,9.98
345,002197,2017-06-06,9.97
346,002340,2017-07-25,9.95
347,600807,2017-11-08,10.04
348,600807,2017-11-07,10.04
349,600807,2017-11-03,10.02
350,002455,2017-09-11,10.04
351,002455,2017-07-05,10.0
352,603101,2017-07-27,9.99
353,600133,2017-07-18,9.99
354,002378,2017-09-18,10.02
355,002378,2017-09-08,9.98
356,002405,2017-08-21,10.02
357,002405,2017-08-17,10.01
358,002405,2017-08-14,10.01
359,600199,2017-08-10,9.98
360,603886,2017-10-27,10.01
361,603886,2017-07-19,10.01
362,002430,2017-11-08,9.98
363,002430,2017-08-15,10.02
364,002430,2017-08-10,10.02
365,002430,2017-07-26,10.02
366,603966,2017-10-17,9.99
367,000985,2017-07-19,10.0
368,603888,2017-10-13,10.0
369,603888,2017-10-12,10.01
370,002392,2017-07-24,10.09
371,002392,2017-06-02,9.93
372,600619,2017-09-25,10.01
373,600619,2017-08-30,10.02
374,600619,2017-08-15,9.97
375,600619,2017-08-14,9.96
376,600619,2017-06-21,10.01
377,000797,2017-09-27,9.97
378,000797,2017-07-19,10.0
379,000797,2017-07-18,10.05
380,002063,2017-08-14,10.03
381,600476,2017-07-14,10.0
382,000537,2017-08-25,10.02
383,000792,2017-11-24,10.01
384,000792,2017-09-26,10.0
385,000792,2017-09-20,10.0
386,000792,2017-09-11,10.0
387,002024,2017-07-31,9.98
388,600667,2017-12-01,10.03
389,000567,2017-06-26,10.01
390,002045,2017-09-05,10.01
391,000572,2017-10-10,9.98
392,000572,2017-10-09,10.06
393,600139,2017-07-25,9.97
394,600139,2017-07-06,10.05
395,600139,2017-06-20,9.96
396,002577,2017-06-19,9.99
397,600167,2017-11-10,10.01
398,000799,2017-09-12,9.98
399,000799,2017-08-07,10.01
400,000799,2017-07-31,10.0
401,000799,2017-07-14,9.99
402,000596,2017-09-18,9.99
403,601858,2017-08-24,10.04
404,601858,2017-08-21,10.04
405,000716,2017-10-13,10.0
406,600876,2017-08-24,10.0
407,600876,2017-08-21,9.99
408,600876,2017-08-18,9.99
409,600876,2017-08-17,10.0
410,600876,2017-07-06,10.02
411,600876,2017-06-09,10.0
412,600876,2017-06-08,10.03
413,002620,2017-07-21,10.0
414,002516,2017-11-07,10.07
415,002407,2017-11-08,10.01
416,002407,2017-09-11,10.02
417,002407,2017-07-12,9.99
418,603861,2017-10-19,9.99
419,603031,2017-07-18,10.02
420,000599,2017-06-02,9.95
421,600735,2017-07-20,9.99
422,600720,2017-07-11,9.95
423,603028,2017-06-14,9.99
424,600643,2017-08-02,10.01
425,000980,2017-08-09,10.02
426,000796,2017-09-04,10.02
427,000796,2017-07-24,10.02
428,600326,2017-07-19,10.03
429,600326,2017-07-13,10.04
430,600326,2017-07-12,10.0
431,002619,2017-11-21,9.99
432,002619,2017-11-20,9.99
433,002619,2017-11-17,10.05
434,000617,2017-07-24,10.02
435,002877,2017-10-23,10.01
436,002877,2017-08-31,10.01
437,002877,2017-07-05,10.01
438,002877,2017-06-22,9.99
439,002877,2017-06-19,9.99
440,002877,2017-06-16,9.99
441,002877,2017-06-15,10.01
442,002877,2017-06-14,9.99
443,002877,2017-06-13,10.01
444,002877,2017-06-12,9.99
445,002877,2017-06-09,10.0
446,002877,2017-06-08,9.97
447,002877,2017-06-07,9.99
448,002877,2017-06-06,10.0
449,002877,2017-06-05,44.05
450,000009,2017-07-28,9.99
451,600490,2017-11-24,9.98
452,600490,2017-09-27,9.96
453,600490,2017-08-31,10.06
454,600490,2017-08-28,9.99
455,002840,2017-11-21,10.02
456,603043,2017-06-30,10.01
457,603043,2017-06-29,10.01
458,603043,2017-06-28,10.01
459,603043,2017-06-27,44.01
460,002492,2017-06-19,10.03
461,603496,2017-09-22,10.0
462,603496,2017-06-16,10.01
463,603496,2017-06-15,10.0
464,603496,2017-06-14,10.0
465,603496,2017-06-13,10.0
466,603496,2017-06-12,9.98
467,603496,2017-06-09,10.0
468,603496,2017-06-08,10.02
469,603496,2017-06-07,43.99
470,600763,2017-10-24,10.0
471,600763,2017-10-10,10.0
472,002816,2017-11-09,10.0
473,002137,2017-08-01,10.04
474,600338,2017-07-26,10.0
475,002185,2017-09-20,10.05
476,600354,2017-07-18,10.05
477,002017,2017-10-12,10.0
478,600259,2017-07-07,9.99
479,600259,2017-07-06,9.99
480,600136,2017-10-11,10.03
481,600136,2017-09-22,10.0
482,002227,2017-08-21,10.02
483,002460,2017-09-05,9.99
484,002460,2017-08-14,10.0
485,002534,2017-08-23,9.97
486,603878,2017-09-01,10.01
487,000672,2017-11-29,9.99
488,000672,2017-07-18,10.0
489,000672,2017-06-05,10.0
490,600171,2017-12-06,10.0
491,600171,2017-11-28,9.98
492,600171,2017-07-10,10.03
493,002129,2017-12-01,10.03
494,002129,2017-11-30,10.04
495,002129,2017-11-29,9.95
496,002125,2017-08-21,9.98
497,002125,2017-08-08,9.98
498,002079,2017-12-06,10.03
499,002079,2017-11-28,9.96
500,002079,2017-11-06,10.0
501,002578,2017-08-07,9.96
502,002249,2017-08-15,9.98
503,002298,2017-08-21,9.96
504,000655,2017-07-31,10.06
505,000655,2017-07-19,10.0
506,603030,2017-06-27,9.99
507,002148,2017-10-09,10.0
508,002148,2017-07-27,9.99
509,002148,2017-06-27,9.98
510,002148,2017-06-07,10.03
511,002056,2017-09-08,10.0
512,002056,2017-09-07,10.05
513,002056,2017-06-20,9.99
514,603955,2017-10-16,10.0
515,603955,2017-10-13,10.01
516,603955,2017-08-28,10.01
517,002714,2017-11-16,10.01
518,002714,2017-08-08,10.0
519,002795,2017-09-07,10.01
520,002795,2017-08-04,9.99
521,002795,2017-06-07,9.98
522,002782,2017-09-11,10.02
523,002782,2017-06-22,10.02
524,002273,2017-08-30,10.0
525,601388,2017-08-07,9.96
526,600096,2017-07-19,10.01
527,000856,2017-09-20,9.99
528,000815,2017-10-19,10.01
529,000815,2017-10-12,10.0
530,000815,2017-09-08,10.04
531,603398,2017-08-09,9.99
532,002560,2017-06-19,10.05
533,603838,2017-09-29,10.03
534,603838,2017-07-18,10.03
535,603838,2017-06-09,10.02
536,601908,2017-11-10,9.93
537,002797,2017-09-18,10.04
538,002797,2017-08-28,10.0
539,002797,2017-08-02,10.04
540,002371,2017-11-13,10.01
541,600751,2017-07-10,9.95
542,000927,2017-11-29,10.09
543,000927,2017-08-18,9.98
544,000927,2017-08-01,9.96
545,000680,2017-08-09,10.06
546,002102,2017-11-21,10.0
547,002076,2017-10-12,10.04
548,000581,2017-06-26,9.99
549,000881,2017-10-17,10.01
550,000005,2017-09-08,10.0
551,002346,2017-11-29,10.0
552,002346,2017-07-25,10.0
553,002346,2017-06-23,10.0
554,002346,2017-06-14,9.98
555,002346,2017-06-13,10.0
556,002346,2017-06-07,10.0
557,600603,2017-10-11,10.0
558,000762,2017-11-24,9.99
559,000762,2017-09-11,10.0
560,000762,2017-09-08,10.0
561,000762,2017-08-02,9.99
562,600779,2017-07-28,10.0
563,601996,2017-06-07,10.05
564,000906,2017-11-14,10.02
565,000906,2017-08-11,9.99
566,600653,2017-08-24,10.12
567,000635,2017-08-29,10.0
568,000635,2017-08-02,10.01
569,000635,2017-07-13,10.01
570,000635,2017-06-05,10.01
571,002236,2017-06-21,9.96
572,002607,2017-11-08,9.91
573,002607,2017-10-10,9.92
574,002607,2017-10-09,10.08
575,603015,2017-06-22,10.04
576,603616,2017-08-29,10.02
577,603616,2017-06-07,10.02
578,002457,2017-08-29,9.99
579,002457,2017-08-03,9.98
580,002457,2017-08-02,9.97
581,002457,2017-08-01,10.03
582,002457,2017-06-21,10.02
583,600821,2017-06-09,10.05
584,603797,2017-10-23,9.98
585,603797,2017-10-16,10.01
586,603797,2017-10-13,9.99
587,603200,2017-10-13,10.0
588,603200,2017-06-12,10.01
589,603200,2017-06-09,9.99
590,603200,2017-06-08,10.01
591,603200,2017-06-07,10.02
592,603200,2017-06-06,9.99
593,603200,2017-06-05,10.01
594,603200,2017-06-02,10.01
595,603200,2017-06-01,43.98
596,600499,2017-10-13,10.03
597,600499,2017-09-13,10.01
598,600499,2017-08-02,9.92
599,600629,2017-06-29,10.02
600,600405,2017-09-11,9.95
601,600405,2017-06-20,10.04
602,600405,2017-06-08,9.95
603,000952,2017-07-31,9.97
604,601969,2017-07-31,9.91
605,002417,2017-08-25,10.03
606,002424,2017-10-18,10.03
607,600879,2017-08-04,10.02
608,000819,2017-08-15,10.03
609,000819,2017-07-25,10.02
610,603006,2017-08-14,10.02
611,000990,2017-08-17,10.01
612,600048,2017-11-29,10.02
613,600385,2017-07-21,9.98
614,600701,2017-09-28,9.98
615,000810,2017-09-12,10.05
616,000810,2017-06-15,9.96
617,002869,2017-09-27,10.01
618,002223,2017-10-10,10.01
619,000920,2017-09-20,10.02
620,002551,2017-10-10,10.0
621,600549,2017-07-31,9.99
622,600549,2017-07-07,9.98
623,002364,2017-09-11,10.0
624,002347,2017-10-10,10.05
625,002347,2017-08-23,10.07
626,600050,2017-08-22,9.98
627,600050,2017-08-21,10.04
628,002757,2017-10-18,10.0
629,601228,2017-10-20,10.07
630,002502,2017-08-01,10.06
631,600657,2017-09-19,9.94
632,002233,2017-08-10,9.99
633,603026,2017-08-01,10.01
634,603026,2017-06-13,10.0
635,000966,2017-08-29,10.04
636,000966,2017-06-05,10.02
637,002703,2017-09-05,9.96
638,002703,2017-07-31,10.04
639,002703,2017-06-30,10.0
640,002703,2017-06-06,10.02
641,603383,2017-06-02,10.0
642,603383,2017-06-01,10.01
643,002161,2017-07-31,9.91
644,002161,2017-07-17,10.05
645,002161,2017-07-06,10.02
646,002161,2017-07-05,10.02
647,002161,2017-07-04,10.05
648,601015,2017-09-12,10.04
649,601015,2017-09-01,9.97
650,601015,2017-08-25,9.95
651,601015,2017-07-28,10.06
652,002104,2017-08-11,10.0
653,600477,2017-08-14,10.03
654,603929,2017-11-03,10.01
655,603929,2017-09-20,9.99
656,002158,2017-06-20,9.98
657,000070,2017-06-08,10.01
658,002709,2017-09-11,10.0
659,002709,2017-07-12,9.99
660,603022,2017-06-15,10.01
661,000751,2017-08-17,9.93
662,000751,2017-08-09,10.02
663,002276,2017-08-01,9.97
664,002881,2017-12-07,10.0
665,002881,2017-09-25,9.99
666,002881,2017-09-22,10.0
667,002881,2017-09-07,10.0
668,002881,2017-09-01,10.0
669,002881,2017-08-31,9.99
670,002881,2017-07-06,9.99
671,002881,2017-07-05,10.01
672,002881,2017-07-04,10.02
673,002881,2017-07-03,10.02
674,002881,2017-06-30,10.01
675,002881,2017-06-29,10.01
676,002881,2017-06-28,10.02
677,002881,2017-06-27,9.99
678,002881,2017-06-26,10.01
679,002881,2017-06-23,10.0
680,002881,2017-06-22,43.97
681,000913,2017-08-24,10.01
682,603339,2017-10-19,9.99
683,002494,2017-06-02,10.0
684,600792,2017-09-13,10.07
685,600792,2017-09-01,9.92
686,600792,2017-08-09,10.06
687,600792,2017-08-02,10.04
688,600792,2017-07-19,10.06
689,002836,2017-07-27,9.99
690,002836,2017-07-25,10.0
691,002836,2017-06-02,10.01
692,002329,2017-09-06,10.04
693,600123,2017-07-19,10.05
694,002842,2017-09-20,10.0
695,002842,2017-08-31,10.0
696,002842,2017-07-07,10.0
697,002842,2017-06-13,9.99
698,600038,2017-08-04,10.01
699,002500,2017-07-19,10.02
700,603133,2017-09-07,9.9
701,603133,2017-09-06,10.01
702,603133,2017-08-31,10.0
703,603133,2017-07-18,9.99
704,603133,2017-07-05,10.0
705,603133,2017-06-26,10.01
706,603133,2017-06-23,10.02
707,603133,2017-06-14,10.02
708,603099,2017-06-14,10.02
709,000852,2017-08-24,9.98
710,600854,2017-07-18,9.95
711,600854,2017-06-21,10.0
712,600826,2017-07-07,10.01
713,002222,2017-11-13,9.99
714,002401,2017-10-24,10.03
715,002401,2017-10-23,10.04
716,002401,2017-10-20,10.02
717,002288,2017-11-15,10.06
718,000600,2017-08-09,10.04
719,000600,2017-08-08,10.02
720,603355,2017-09-21,10.0
721,600212,2017-08-02,10.01
722,600212,2017-06-14,10.05
723,600212,2017-06-13,9.97
724,002548,2017-08-08,10.03
725,002811,2017-08-02,10.0
726,603113,2017-08-25,9.99
727,600111,2017-08-07,9.99
728,600111,2017-07-31,9.99
729,600111,2017-07-07,9.97
730,603009,2017-06-29,9.99
731,603009,2017-06-13,10.01
732,603009,2017-06-07,10.01
733,000786,2017-10-23,10.01
734,000786,2017-10-16,10.03
735,603603,2017-10-13,10.01
736,603603,2017-08-18,10.0
737,603603,2017-07-24,10.01
738,002793,2017-06-07,10.01
739,600444,2017-09-27,10.01
740,600444,2017-09-22,10.02
741,600291,2017-07-25,10.0
742,600291,2017-07-21,10.02
743,002166,2017-08-07,9.96
744,601881,2017-08-28,10.04
745,600295,2017-11-14,9.97
746,600295,2017-08-21,9.99
747,600295,2017-08-18,9.97
748,600295,2017-07-20,10.0
749,600295,2017-07-19,10.0
750,600295,2017-07-18,9.98
751,603238,2017-10-31,10.02
752,603238,2017-10-24,10.01
753,603238,2017-08-23,10.01
754,000636,2017-11-20,10.04
755,603025,2017-10-26,9.99
756,000735,2017-10-20,10.06
757,603029,2017-07-17,9.99
758,002208,2017-09-15,10.03
759,603767,2017-09-11,10.01
760,603767,2017-06-20,10.01
761,603767,2017-06-19,9.98
762,603767,2017-06-16,10.01
763,603767,2017-06-15,9.99
764,603767,2017-06-14,9.99
765,603767,2017-06-13,43.97
766,600746,2017-08-31,9.98
767,601168,2017-09-20,9.96
768,002307,2017-06-15,10.03
769,000802,2017-08-04,10.03
770,000802,2017-08-01,10.0
771,000802,2017-07-31,10.0
772,002177,2017-08-15,10.0
773,002177,2017-08-14,10.07
774,600360,2017-11-30,10.03
775,600652,2017-06-16,10.0
776,600652,2017-06-09,10.05
777,600652,2017-06-08,9.98
778,000505,2017-06-08,9.97
779,000831,2017-07-07,10.03
780,600525,2017-09-06,10.0
781,600525,2017-08-14,9.99
782,600525,2017-07-14,10.0
783,603920,2017-11-10,10.02
784,600206,2017-12-06,9.98
785,600206,2017-11-24,10.0
786,600206,2017-11-06,10.01
787,600206,2017-09-22,10.0
788,600206,2017-08-09,10.0
789,002400,2017-08-15,9.95
790,603600,2017-06-15,10.01
791,002871,2017-06-13,10.01
792,600595,2017-08-08,10.04
793,002632,2017-07-20,10.03
794,603628,2017-11-13,10.01
795,002106,2017-11-08,10.01
796,600971,2017-08-09,9.98
797,600971,2017-07-19,10.01
798,000905,2017-10-20,10.03
799,000905,2017-08-29,10.03
800,002755,2017-09-18,10.01
801,002558,2017-11-09,10.01
802,002558,2017-06-09,10.01
803,000839,2017-11-08,9.99
804,000839,2017-11-07,10.03
805,603160,2017-11-23,10.0
806,600190,2017-06-14,10.02
807,603568,2017-10-13,10.01
808,002441,2017-09-11,9.97
809,600278,2017-10-31,10.04
810,600278,2017-10-25,9.97
811,600278,2017-10-20,10.02
812,603197,2017-06-21,9.99
813,603197,2017-06-20,10.01
814,600714,2017-07-19,9.97
815,000962,2017-09-26,10.0
816,000962,2017-09-20,10.02
817,600392,2017-08-07,10.0
818,600392,2017-07-31,10.01
819,600392,2017-07-07,10.0
820,002006,2017-11-02,9.99
821,603316,2017-08-25,10.0
822,603316,2017-06-29,9.98
823,603316,2017-06-28,10.0
824,603316,2017-06-27,9.99
825,603316,2017-06-26,10.01
826,603316,2017-06-23,10.02
827,603316,2017-06-22,10.02
828,603316,2017-06-21,10.0
829,603316,2017-06-20,9.98
830,603316,2017-06-19,43.99
831,601011,2017-09-26,10.02
832,601011,2017-09-06,9.95
833,601011,2017-09-04,10.0
834,601011,2017-07-31,10.05
835,601011,2017-07-28,10.01
836,601011,2017-07-20,9.96
837,601011,2017-07-05,10.05
838,002128,2017-08-25,10.03
839,002128,2017-08-17,10.02
840,002128,2017-08-16,9.97
841,002128,2017-08-15,10.03
842,002128,2017-08-14,10.0
843,600584,2017-10-09,10.0
844,002094,2017-07-20,10.02
845,002835,2017-06-14,10.0
846,002835,2017-06-13,9.98
847,002835,2017-06-07,10.01
848,002733,2017-09-06,10.02
849,600390,2017-09-18,9.99
850,002211,2017-10-30,10.04
851,002211,2017-10-25,10.03
852,002211,2017-07-04,10.02
853,002211,2017-06-05,10.0
854,002140,2017-06-02,9.99
855,600716,2017-10-23,10.09
856,600455,2017-10-24,9.99
857,600507,2017-11-13,10.01
858,600507,2017-08-21,10.01
859,600507,2017-08-07,9.99
860,600507,2017-07-31,10.04
861,600507,2017-07-19,9.98
862,600507,2017-07-18,9.99
863,600322,2017-08-17,9.98
864,600740,2017-08-28,10.0
865,600740,2017-08-25,9.98
866,600740,2017-07-28,10.04
867,600740,2017-06-29,10.05
868,000917,2017-11-07,10.03
869,600141,2017-07-31,10.01
870,600088,2017-08-03,10.02
871,600962,2017-09-15,9.99
872,000510,2017-06-14,10.0
873,603701,2017-06-29,10.01
874,002164,2017-06-09,10.0
875,002021,2017-09-07,10.02
876,603229,2017-06-01,10.0
877,600306,2017-07-21,10.01
878,600711,2017-09-01,9.97
879,600587,2017-07-20,10.03
880,603178,2017-07-25,9.99
881,600961,2017-08-09,10.05
882,600961,2017-07-19,9.98
883,603637,2017-07-28,9.99
884,600429,2017-07-31,9.97
885,603717,2017-11-06,10.0
886,603717,2017-10-13,10.02
887,600173,2017-07-20,9.98
888,600173,2017-06-09,9.98
889,002767,2017-06-14,10.0
890,000565,2017-06-29,10.03
891,600526,2017-10-25,10.04
892,600526,2017-10-13,9.99
893,600526,2017-08-23,10.04
894,603903,2017-10-13,9.99
895,603903,2017-08-03,10.0
896,600781,2017-11-13,10.01
897,002582,2017-07-12,10.03
898,002124,2017-08-08,10.01
899,603817,2017-10-13,9.99
900,002590,2017-10-11,9.98
901,002590,2017-07-05,10.0
902,601375,2017-08-28,9.98
903,600650,2017-10-20,10.03
904,600650,2017-06-09,9.97
905,600789,2017-08-07,10.05
906,600330,2017-11-10,9.96
907,000607,2017-06-06,9.97
908,002510,2017-09-21,9.99
909,002510,2017-06-20,10.0
910,600198,2017-11-24,9.98
911,000036,2017-07-21,10.04
912,000737,2017-09-13,9.95
913,000737,2017-08-24,9.93
914,000534,2017-09-04,9.99
915,002169,2017-06-07,9.97
916,002847,2017-09-11,9.99
917,002847,2017-08-24,9.99
918,002847,2017-06-13,10.0
919,603988,2017-11-09,10.0
920,603826,2017-08-25,10.02
921,603826,2017-07-06,9.98
922,002362,2017-09-04,9.99
923,002362,2017-09-01,10.02
924,002362,2017-08-30,10.02
925,000603,2017-07-19,10.04
926,600175,2017-10-31,9.96
927,600175,2017-06-26,9.93
928,600630,2017-10-31,9.99
929,600630,2017-10-20,9.97
930,600630,2017-06-09,9.97
931,000829,2017-10-09,10.0
932,600125,2017-08-18,10.04
933,601212,2017-07-07,10.0
934,601212,2017-06-15,10.07
935,600626,2017-10-31,10.0
936,600626,2017-10-20,10.02
937,600626,2017-08-18,10.01
938,600836,2017-08-01,9.95
939,600509,2017-07-18,9.99
940,002725,2017-06-28,10.01
941,002725,2017-06-01,9.98
942,000833,2017-07-19,9.97
943,603668,2017-08-22,10.01
944,603668,2017-07-03,9.97
945,603668,2017-06-30,10.0
946,002077,2017-10-24,10.03
947,002077,2017-10-23,10.03
948,002077,2017-06-09,10.01
949,002175,2017-08-17,10.04
950,002084,2017-08-03,10.0
951,000531,2017-10-30,10.0
952,002827,2017-07-13,10.01
953,002827,2017-07-12,10.0
954,600496,2017-09-07,10.04
955,600496,2017-09-05,9.92
956,600496,2017-08-21,10.06
957,600496,2017-06-02,9.91
958,600621,2017-11-29,10.02
959,600621,2017-11-21,10.04
960,600621,2017-11-10,10.04
961,600621,2017-08-30,10.0
962,600621,2017-06-21,10.03
963,002850,2017-09-11,10.0
964,603330,2017-11-14,10.0
965,603330,2017-07-20,10.01
966,603380,2017-07-04,9.98
967,603380,2017-06-30,10.01
968,603380,2017-06-29,9.99
969,603380,2017-06-28,10.02
970,603380,2017-06-27,9.99
971,603380,2017-06-26,9.99
972,603380,2017-06-23,10.01
973,603380,2017-06-22,44.01
974,002386,2017-09-04,9.97
975,002386,2017-08-17,10.02
976,002386,2017-08-08,10.04
977,002386,2017-07-28,10.02
978,600848,2017-06-22,10.01
979,600249,2017-06-27,9.96
980,600819,2017-07-19,9.94
981,600610,2017-08-03,10.05
982,600610,2017-06-14,10.05
983,600610,2017-06-07,9.96
984,002769,2017-07-03,10.0
985,002769,2017-06-05,9.97
986,002868,2017-08-22,10.01
987,601666,2017-08-09,10.02
988,601666,2017-07-19,10.0
989,600449,2017-07-11,9.97
990,002748,2017-08-16,10.02
991,600018,2017-10-20,10.06
992,002190,2017-09-11,10.0
993,000656,2017-09-19,9.94
994,000656,2017-07-06,10.02
995,600677,2017-11-22,10.04
996,600677,2017-08-04,10.01
997,601678,2017-08-02,9.99
998,600776,2017-11-15,10.0
999,600776,2017-10-09,9.97
1000,002837,2017-11-21,10.01
1001,002837,2017-11-15,10.01
1002,002837,2017-11-08,10.0
1003,002837,2017-06-08,10.0
1004,002837,2017-06-07,10.0
1005,002837,2017-06-06,9.98
1006,002837,2017-06-05,10.0
1007,000667,2017-06-02,10.09
1008,603066,2017-10-11,9.99
1009,603066,2017-09-04,9.97
1010,603066,2017-06-15,9.97
1011,603066,2017-06-07,10.01
1012,002296,2017-09-19,9.97
1013,002296,2017-06-13,9.97
1014,601101,2017-07-31,10.04
1015,601101,2017-07-18,10.05
1016,603227,2017-10-13,9.97
1017,603227,2017-06-21,10.03
1018,603789,2017-07-17,10.01
1019,603789,2017-07-14,10.03
1020,000055,2017-07-26,10.04
1021,600284,2017-10-20,10.02
1022,002885,2017-07-07,10.0
1023,002885,2017-07-06,9.99
1024,002885,2017-07-05,9.99
1025,002885,2017-07-04,10.02
1026,002885,2017-07-03,10.01
1027,002885,2017-06-30,10.02
1028,002885,2017-06-29,10.0
1029,002885,2017-06-28,10.02
1030,002885,2017-06-27,43.98
1031,600372,2017-08-04,9.99
1032,600152,2017-09-15,9.96
1033,600152,2017-09-06,10.0
1034,600099,2017-06-06,10.02
1035,002807,2017-08-01,10.03
1036,002807,2017-06-07,10.02
1037,002813,2017-10-11,10.0
1038,002813,2017-08-31,10.01
1039,002813,2017-07-06,10.0
1040,002813,2017-07-05,10.01
1041,600493,2017-06-28,10.03
1042,000551,2017-06-05,10.06
1043,600874,2017-06-16,9.99
1044,000023,2017-08-14,10.01
1045,000023,2017-06-20,10.0
1046,000023,2017-06-08,10.0
1047,601766,2017-11-22,9.94
1048,601878,2017-08-28,9.99
1049,601878,2017-08-25,10.01
1050,601878,2017-07-05,10.0
1051,601878,2017-06-29,9.98
1052,601878,2017-06-28,10.01
1053,601878,2017-06-27,10.03
1054,601878,2017-06-26,44.02
1055,600408,2017-09-01,10.02
1056,600495,2017-10-26,10.06
1057,600495,2017-06-26,10.0
1058,002621,2017-11-14,9.99
1059,002621,2017-11-01,10.01
1060,000825,2017-08-07,9.96
1061,600020,2017-07-24,10.0
1062,603131,2017-11-02,10.01
1063,603131,2017-11-01,10.01
1064,603855,2017-06-07,10.0
1065,603855,2017-06-05,10.01
1066,603855,2017-06-02,10.01
1067,603855,2017-06-01,9.97
1068,603166,2017-07-19,10.0
1069,600620,2017-07-24,10.01
1070,603323,2017-11-13,10.04
1071,600531,2017-07-19,10.07
1072,603630,2017-09-21,9.99
1073,000615,2017-11-27,9.99
1074,000615,2017-08-14,10.0
1075,000615,2017-08-02,9.97
1076,000615,2017-08-01,9.96
1077,002778,2017-08-21,10.0
1078,002687,2017-11-08,10.04
1079,002687,2017-11-07,10.07
1080,002149,2017-09-20,10.02
1081,603803,2017-09-27,10.02
1082,603803,2017-09-22,9.99
1083,600107,2017-07-07,9.99
1084,600107,2017-06-05,10.0
1085,603225,2017-07-19,10.01
1086,002527,2017-08-14,9.98
1087,002026,2017-11-07,9.99
1088,600345,2017-11-24,9.99
1089,600345,2017-11-10,10.01
1090,600345,2017-09-29,9.94
1091,600345,2017-09-28,10.01
1092,600345,2017-09-27,10.0
1093,002883,2017-06-30,10.01
1094,002883,2017-06-29,10.01
1095,002883,2017-06-28,9.99
1096,002883,2017-06-27,9.99
1097,002883,2017-06-26,9.99
1098,002883,2017-06-23,10.0
1099,002883,2017-06-22,9.99
1100,002883,2017-06-21,10.02
1101,002883,2017-06-20,43.97
1102,600233,2017-09-19,10.01
1103,600008,2017-08-14,10.06
1104,603822,2017-10-16,10.0
1105,603822,2017-10-13,10.0
1106,603822,2017-06-14,10.0
1107,601016,2017-08-16,10.11
1108,002135,2017-09-07,10.02
1109,002135,2017-08-14,10.04
1110,002057,2017-09-06,9.97
1111,002828,2017-11-07,10.0
1112,000702,2017-07-28,9.97
1113,000702,2017-06-02,9.99
1114,000702,2017-06-01,10.0
1115,603335,2017-11-02,9.97
1116,603335,2017-10-25,10.04
1117,603335,2017-08-25,9.97
1118,603335,2017-07-07,9.98
1119,603335,2017-07-06,10.03
1120,603335,2017-07-05,10.0
1121,603335,2017-07-04,10.02
1122,603335,2017-07-03,10.04
1123,603335,2017-06-30,9.96
1124,603335,2017-06-29,9.98
1125,603335,2017-06-28,10.02
1126,603335,2017-06-27,9.97
1127,603335,2017-06-26,9.96
1128,603335,2017-06-23,10.0
1129,603335,2017-06-22,9.95
1130,603335,2017-06-21,9.98
1131,603335,2017-06-20,43.92
1132,002196,2017-09-06,10.02
1133,603315,2017-09-08,10.02
1134,603315,2017-06-14,10.01
1135,000880,2017-06-07,10.04
1136,000612,2017-07-19,9.95
1137,600773,2017-09-13,9.99
1138,600773,2017-07-12,9.96
1139,600470,2017-07-26,10.03
1140,603908,2017-06-02,9.99
1141,002880,2017-06-28,10.0
1142,002880,2017-06-27,10.0
1143,002880,2017-06-26,10.01
1144,002880,2017-06-23,10.01
1145,002880,2017-06-22,9.99
1146,002880,2017-06-21,10.01
1147,002880,2017-06-20,10.01
1148,002880,2017-06-19,10.01
1149,002880,2017-06-16,44.01
1150,600787,2017-07-14,9.95
1151,603823,2017-07-24,9.99
1152,600193,2017-08-29,10.0
1153,600193,2017-08-28,10.07
1154,600193,2017-08-25,10.04
1155,600072,2017-08-17,10.03
1156,002860,2017-11-13,10.0
1157,002476,2017-06-19,10.0
1158,002875,2017-06-09,10.01
1159,002875,2017-06-08,10.01
1160,002875,2017-06-07,10.0
1161,002875,2017-06-06,9.99
1162,002875,2017-06-05,9.98
1163,002875,2017-06-02,10.01
1164,002875,2017-06-01,43.99
1165,000708,2017-09-06,10.0
1166,600058,2017-07-19,9.99
1167,600103,2017-07-13,10.04
1168,600103,2017-07-05,10.02
1169,000553,2017-06-02,10.02
1170,600755,2017-08-29,10.02
1171,600755,2017-07-26,10.02
1172,600755,2017-07-21,10.05
1173,600576,2017-08-07,9.99
1174,600576,2017-06-08,10.03
1175,601200,2017-10-13,9.99
1176,002852,2017-11-21,10.0
1177,002852,2017-08-31,10.0
1178,600580,2017-10-30,9.95
1179,601002,2017-10-26,10.05
1180,600095,2017-07-10,9.97
1181,600095,2017-06-09,10.03
1182,600232,2017-09-13,9.96
1183,603366,2017-10-09,10.0
1184,603366,2017-07-13,10.04
1185,002639,2017-09-21,10.02
1186,603060,2017-08-15,10.0
1187,600039,2017-07-13,10.02
1188,002750,2017-11-09,10.04
1189,000837,2017-07-20,10.07
1190,600207,2017-07-31,10.07
1191,600828,2017-11-16,10.0
1192,603987,2017-10-12,10.02
1193,603987,2017-10-10,9.97
1194,600158,2017-06-05,9.99
1195,600647,2017-06-08,10.02
1196,002242,2017-08-21,10.0
1197,000859,2017-07-04,9.94
1198,603609,2017-08-08,10.03
1199,603388,2017-08-31,10.01
1200,603388,2017-08-28,10.01
1201,603388,2017-06-20,9.99
1202,603388,2017-06-08,10.0
1203,000514,2017-07-13,9.99
1204,002818,2017-10-17,9.99
1205,603985,2017-08-22,10.01
1206,002743,2017-08-14,9.98
1207,002743,2017-08-11,10.01
1208,002743,2017-08-10,10.04
1209,600550,2017-06-09,9.96
1210,000807,2017-09-20,10.0
1211,000807,2017-09-11,10.0
1212,000807,2017-07-31,10.0
1213,000807,2017-07-19,10.0
1214,600800,2017-08-24,10.0
1215,000012,2017-11-13,9.95
1216,002549,2017-08-03,9.97
1217,002549,2017-08-01,10.01
1218,002549,2017-06-02,10.06
1219,600395,2017-08-09,10.02
1220,002878,2017-11-13,9.99
1221,002878,2017-09-11,10.0
1222,002878,2017-08-28,10.0
1223,002878,2017-08-25,9.99
1224,002878,2017-08-24,10.0
1225,002878,2017-08-23,10.0
1226,002878,2017-06-15,9.99
1227,002878,2017-06-14,10.01
1228,002878,2017-06-13,9.99
1229,002878,2017-06-12,10.02
1230,002878,2017-06-09,9.99
1231,002878,2017-06-08,9.98
1232,002878,2017-06-07,10.02
1233,002878,2017-06-06,43.99
1234,600897,2017-08-29,10.0
1235,603258,2017-09-07,9.99
1236,000733,2017-12-06,10.0
1237,603980,2017-06-20,10.01
1238,603980,2017-06-19,10.02
1239,603980,2017-06-16,10.01
1240,603980,2017-06-15,44.01
1241,002681,2017-08-10,10.02
1242,002681,2017-06-02,9.99
1243,601798,2017-08-15,9.9
1244,002765,2017-10-09,10.01
1245,002765,2017-09-26,10.05
1246,600335,2017-07-21,10.04
1247,000983,2017-09-01,10.03
1248,000983,2017-08-09,10.01
1249,600462,2017-08-29,9.95
1250,000546,2017-11-27,9.97
1251,000546,2017-07-19,10.01
1252,601958,2017-08-03,10.04
1253,603997,2017-06-08,10.03
1254,002477,2017-08-08,10.12
1255,603896,2017-10-25,10.0
1256,603896,2017-10-24,10.0
1257,603896,2017-10-18,9.99
1258,603896,2017-10-12,10.0
1259,603896,2017-06-15,10.01
1260,002282,2017-07-18,10.01
1261,002282,2017-06-20,10.01
1262,600689,2017-10-31,10.0
1263,600689,2017-10-20,10.0
1264,600689,2017-08-30,10.02
1265,600689,2017-06-09,9.98
1266,002873,2017-06-07,10.01
1267,002873,2017-06-05,10.0
1268,002873,2017-06-01,10.01
1269,600765,2017-08-04,9.96
1270,600251,2017-09-18,10.05
1271,600251,2017-09-15,10.01
1272,000408,2017-09-01,10.01
1273,000408,2017-08-24,10.04
1274,600699,2017-09-11,10.01
1275,000416,2017-11-13,9.99
1276,000416,2017-07-20,9.97
1277,600853,2017-06-02,9.95
1278,603269,2017-06-07,9.99
1279,603269,2017-06-06,10.0
1280,603269,2017-06-02,10.01
1281,603269,2017-06-01,10.02
1282,000681,2017-12-01,9.98
1283,000681,2017-08-30,10.01
1284,002499,2017-10-13,10.0
1285,002467,2017-10-09,9.98
1286,002467,2017-09-29,9.97
1287,002467,2017-09-28,9.97
1288,002467,2017-06-09,9.95
1289,002679,2017-10-18,10.01
1290,603421,2017-07-07,10.01
1291,002528,2017-08-16,9.95
1292,603559,2017-11-20,10.0
1293,603559,2017-11-15,10.0
1294,603559,2017-11-10,9.99
1295,603559,2017-11-06,10.0
1296,603559,2017-11-03,10.01
1297,603559,2017-10-09,10.01
1298,603559,2017-09-29,9.99
1299,603559,2017-09-25,10.02
1300,603559,2017-09-22,10.01
1301,603559,2017-09-21,9.98
1302,603559,2017-09-20,10.02
1303,603559,2017-09-19,10.01
1304,002482,2017-06-08,9.97
1305,002728,2017-10-13,10.01
1306,000068,2017-09-13,9.98
1307,002243,2017-06-27,10.03
1308,603536,2017-06-23,9.99
1309,603536,2017-06-22,10.02
1310,603536,2017-06-21,10.0
1311,603536,2017-06-20,10.01
1312,603536,2017-06-19,9.98
1313,603536,2017-06-16,10.0
1314,603536,2017-06-15,10.01
1315,603536,2017-06-14,10.01
1316,603536,2017-06-13,44.04
1317,000002,2017-11-29,9.98
1318,000002,2017-11-21,10.0
1319,000002,2017-06-26,10.01
1320,000002,2017-06-23,10.01
1321,002858,2017-11-08,10.0
1322,000628,2017-07-19,10.05
1323,000628,2017-07-18,10.03
1324,601880,2017-06-14,9.97
1325,000933,2017-08-07,9.96
1326,000933,2017-07-31,10.03
1327,000933,2017-07-19,10.05
1328,600071,2017-11-08,10.02
1329,000818,2017-08-15,10.02
1330,600778,2017-09-21,10.03
1331,600648,2017-10-20,10.01
1332,002131,2017-10-10,10.16
1333,600316,2017-08-04,9.98
1334,600316,2017-07-24,9.99
1335,600825,2017-12-06,10.02
1336,002539,2017-06-19,9.98
1337,002777,2017-08-28,10.0
1338,002777,2017-08-17,10.0
1339,000801,2017-07-20,10.04
1340,000801,2017-06-20,9.93
1341,000801,2017-06-19,10.04
1342,600888,2017-07-31,10.01
1343,002058,2017-11-23,10.0
1344,002058,2017-11-07,10.0
1345,000822,2017-08-30,10.04
1346,000822,2017-07-26,10.0
1347,000605,2017-06-07,9.98
1348,002046,2017-11-06,10.02
1349,600734,2017-07-19,10.02
1350,601155,2017-11-29,10.0
1351,600313,2017-10-16,9.95
1352,603580,2017-06-14,10.0
1353,603580,2017-06-13,9.99
1354,603580,2017-06-12,10.0
1355,603580,2017-06-09,10.01
1356,603580,2017-06-08,9.99
1357,603580,2017-06-07,9.99
1358,603580,2017-06-06,10.02
1359,603580,2017-06-05,10.01
1360,603580,2017-06-02,10.0
1361,603580,2017-06-01,10.01
1362,600192,2017-09-14,10.0
1363,600676,2017-10-20,9.99
1364,002799,2017-07-26,10.0
1365,600795,2017-09-01,10.03
1366,601500,2017-12-08,10.02
1367,603007,2017-08-08,10.03
1368,603007,2017-06-08,9.98
1369,603007,2017-06-07,9.99
1370,600317,2017-06-14,10.09
1371,600691,2017-07-24,10.03
1372,000018,2017-08-15,9.97
1373,000018,2017-08-14,10.0
1374,600721,2017-11-20,10.0
1375,600721,2017-06-27,10.0
1376,000877,2017-07-03,10.02
1377,000877,2017-06-15,10.0
1378,600791,2017-07-24,10.0
1379,600791,2017-06-23,9.97
1380,600791,2017-06-05,9.99
1381,002302,2017-11-29,9.98
1382,002302,2017-11-28,10.03
1383,002302,2017-11-27,9.99
1384,002302,2017-08-03,9.99
1385,002302,2017-07-19,10.0
1386,002302,2017-06-28,10.02
1387,002302,2017-06-19,10.01
1388,002302,2017-06-15,9.99
1389,002302,2017-06-14,10.03
1390,000025,2017-10-11,9.99
1391,000025,2017-06-28,10.0
1392,000025,2017-06-14,10.01
1393,000025,2017-06-12,10.0
1394,000025,2017-06-09,10.01
1395,000025,2017-06-08,10.02
1396,603577,2017-10-23,9.98
1397,603577,2017-09-07,10.02
1398,603577,2017-06-02,10.0
1399,600255,2017-09-13,9.91
1400,600255,2017-09-12,9.9
1401,600743,2017-09-19,10.02
1402,600618,2017-10-09,10.04
1403,600618,2017-06-16,9.98
1404,600397,2017-06-27,10.05
1405,600191,2017-10-09,10.0
1406,600191,2017-07-21,10.03
1407,600191,2017-07-17,10.01
1408,600252,2017-08-24,10.05
1409,002239,2017-11-22,10.05
1410,002239,2017-09-13,10.1
1411,002239,2017-09-12,9.98
1412,002239,2017-09-11,9.97
1413,600367,2017-09-13,10.01
1414,600367,2017-09-08,9.98
1415,000951,2017-07-19,10.03
1416,601225,2017-07-19,9.95
1417,601020,2017-07-07,9.99
1418,601020,2017-06-08,10.02
1419,002547,2017-11-16,10.05
1420,603311,2017-06-29,9.98
1421,000885,2017-11-29,10.01
1422,000885,2017-07-20,10.01
1423,002209,2017-08-04,10.0
1424,002209,2017-06-15,9.91
1425,603879,2017-06-26,9.98
1426,603879,2017-06-23,9.99
1427,603879,2017-06-22,10.03
1428,603879,2017-06-21,9.98
1429,603879,2017-06-20,9.97
1430,603879,2017-06-19,10.03
1431,603879,2017-06-16,10.01
1432,603879,2017-06-15,9.98
1433,603879,2017-06-14,44.0
1434,002256,2017-11-08,10.02
1435,002395,2017-06-13,9.97
1436,603819,2017-06-13,10.02
1437,603128,2017-10-23,10.04
1438,603128,2017-10-20,10.03
1439,002305,2017-09-15,10.05
1440,002305,2017-08-11,10.0
1441,002305,2017-06-07,10.03
1442,002305,2017-06-02,9.98
1443,000633,2017-10-30,9.95
1444,000633,2017-10-23,10.0
1445,000633,2017-10-11,10.0
1446,000536,2017-08-16,10.0
1447,603703,2017-11-22,10.0
1448,603703,2017-06-19,9.99
1449,002133,2017-09-19,9.96
1450,600537,2017-09-05,10.0
1451,002822,2017-10-24,10.03
1452,002822,2017-10-23,10.02
1453,002822,2017-06-16,9.98
1454,002822,2017-06-15,10.02
1455,002822,2017-06-07,10.02
1456,002770,2017-08-09,10.04
1457,601699,2017-08-09,9.97
1458,000736,2017-10-24,10.0
1459,000736,2017-09-19,10.01
1460,000736,2017-09-15,9.98
1461,000736,2017-09-14,9.98
1462,000521,2017-06-26,10.08
1463,000609,2017-09-04,9.98
1464,000010,2017-10-19,10.08
1465,000010,2017-10-18,10.0
1466,000010,2017-06-07,9.96
1467,600693,2017-08-17,9.97
1468,002016,2017-10-31,9.99
1469,002789,2017-06-08,10.0
1470,603926,2017-10-25,10.01
1471,603926,2017-06-02,9.99
1472,600386,2017-09-11,9.95
1473,600117,2017-07-31,9.97
1474,600117,2017-07-28,9.99
1475,600117,2017-07-27,10.06
1476,600117,2017-07-25,10.02
1477,603298,2017-08-22,10.01
1478,002116,2017-08-22,10.0
1479,600532,2017-11-06,10.02
1480,002361,2017-06-21,10.03
1481,000789,2017-11-29,10.03
1482,000789,2017-11-28,10.02
1483,002736,2017-07-19,10.03
1484,002859,2017-09-21,10.0
1485,002859,2017-09-05,10.0
1486,002859,2017-08-28,10.0
1487,000721,2017-06-30,10.05
1488,601001,2017-08-30,10.0
1489,601001,2017-07-24,10.04
1490,601001,2017-07-21,10.1
1491,002689,2017-11-16,9.93
1492,002689,2017-06-22,10.0
1493,603239,2017-07-06,9.99
1494,600468,2017-10-31,10.07
1495,600468,2017-10-30,10.0
1496,600736,2017-09-19,10.03
1497,603505,2017-09-26,9.99
1498,603505,2017-08-31,10.02
1499,603505,2017-08-29,10.01
1500,603505,2017-08-01,9.99
1501,600558,2017-11-28,10.08
1502,600558,2017-09-11,10.02
1503,002876,2017-06-07,10.01
1504,002876,2017-06-06,9.99
1505,002876,2017-06-05,10.0
1506,002876,2017-06-02,9.99
1507,002876,2017-06-01,10.0
1508,600984,2017-07-31,10.0
1509,600984,2017-06-15,10.0
1510,002645,2017-10-13,10.0
1511,002645,2017-08-14,10.0
1512,002650,2017-10-12,9.93
1513,002688,2017-06-30,10.03
1514,002588,2017-07-27,10.02
1515,002532,2017-06-07,10.01
1516,002109,2017-09-14,10.05
1517,002109,2017-09-13,10.05
1518,600822,2017-11-14,9.99
1519,600822,2017-10-31,10.0
1520,600822,2017-10-26,10.02
1521,600822,2017-10-23,10.01
1522,600822,2017-10-20,9.96
1523,002497,2017-09-13,10.0
1524,002497,2017-09-11,10.03
1525,002497,2017-09-08,10.03
1526,002497,2017-08-14,10.02
1527,002497,2017-08-02,9.98
1528,002497,2017-07-07,10.04
1529,002497,2017-07-05,10.03
1530,002497,2017-06-13,9.95
1531,600131,2017-07-13,10.01
1532,600131,2017-06-19,10.04
1533,002670,2017-11-21,10.01
1534,002670,2017-08-29,10.02
1535,002670,2017-08-28,9.98
1536,002047,2017-06-08,9.99
1537,002047,2017-06-07,10.0
1538,002542,2017-08-17,10.03
1539,002823,2017-06-07,10.02
1540,603909,2017-11-27,9.95
1541,603909,2017-08-22,10.0
1542,603909,2017-08-03,10.0
1543,000901,2017-11-22,10.0
1544,600373,2017-08-08,9.99
1545,002783,2017-07-25,10.02
1546,002783,2017-07-24,9.98
1547,603300,2017-08-02,10.05
1548,600830,2017-06-15,10.02
1549,002800,2017-10-17,9.99
1550,002800,2017-06-02,9.99
1551,002753,2017-11-29,10.01
1552,002753,2017-07-28,10.02
1553,002753,2017-07-26,9.98
1554,002753,2017-07-05,9.99
1555,002753,2017-06-28,10.0
1556,603859,2017-08-08,9.99
1557,603859,2017-06-02,10.0
1558,603585,2017-08-25,10.01
1559,002726,2017-07-04,9.92
1560,002819,2017-08-21,10.0
1561,002819,2017-06-09,10.01
1562,002691,2017-11-07,10.0
1563,002886,2017-11-28,9.99
1564,002886,2017-11-08,9.99
1565,002886,2017-11-07,9.99
1566,002886,2017-11-06,10.02
1567,002886,2017-08-30,10.01
1568,002886,2017-08-28,9.99
1569,002886,2017-07-07,10.01
1570,002886,2017-07-06,10.0
1571,002886,2017-07-05,9.99
1572,002886,2017-07-04,9.99
1573,002886,2017-07-03,10.0
1574,002886,2017-06-30,10.01
1575,002886,2017-06-29,10.01
1576,002886,2017-06-28,10.02
1577,002886,2017-06-27,44.03
1578,002829,2017-09-26,10.0
1579,002829,2017-09-07,10.0
1580,600119,2017-10-23,10.02
1581,600119,2017-10-20,10.03
1582,600119,2017-08-03,10.0
1583,000996,2017-08-16,10.04
1584,000011,2017-09-08,9.98
1585,002695,2017-10-11,9.98
1586,002695,2017-07-25,10.03
1587,002695,2017-06-14,10.02
1588,002695,2017-06-13,10.01
1589,002695,2017-06-12,10.02
1590,002626,2017-06-27,10.0
1591,603677,2017-11-29,10.01
1592,603677,2017-11-28,9.99
1593,002861,2017-09-27,10.02
1594,002861,2017-08-25,10.01
1595,002861,2017-08-21,10.0
1596,002861,2017-07-13,10.0
1597,002809,2017-11-29,9.99
1598,002809,2017-07-18,10.0
1599,002809,2017-07-12,10.01
1600,002809,2017-06-16,10.0
1601,002809,2017-06-07,10.01
1602,002809,2017-06-05,10.01
1603,002809,2017-06-02,10.01
1604,002809,2017-06-01,10.01
1605,603040,2017-10-25,10.0
1606,603986,2017-10-30,10.0
1607,603986,2017-09-18,10.0
1608,603986,2017-09-13,10.0
1609,603986,2017-08-29,10.0
1610,603986,2017-08-28,10.0
1611,603977,2017-07-07,10.03
1612,603960,2017-08-28,9.99
1613,603778,2017-08-03,10.05
1614,603778,2017-06-08,9.98
1615,603778,2017-06-07,10.0
1616,603778,2017-06-05,10.0
1617,603618,2017-06-26,10.04
1618,603598,2017-09-15,9.98
1619,603598,2017-09-14,9.99
1620,603322,2017-12-07,9.99
1621,603322,2017-11-20,10.0
1622,603322,2017-11-15,9.99
1623,603322,2017-09-27,10.01
1624,603322,2017-08-25,10.01
1625,603322,2017-08-03,9.99
1626,603322,2017-06-15,10.0
1627,603303,2017-08-29,9.99
1628,601933,2017-12-08,10.01
1629,601700,2017-08-07,10.0
1630,601618,2017-09-06,10.06
1631,601600,2017-07-31,9.93
1632,601003,2017-09-13,10.05
1633,601003,2017-08-30,10.06
1634,601003,2017-08-09,10.08
1635,601003,2017-08-07,10.02
1636,600975,2017-10-26,9.95
1637,600975,2017-06-19,10.05
1638,600866,2017-08-30,10.04
1639,600818,2017-07-18,9.98
1640,600794,2017-11-30,10.05
1641,600794,2017-09-05,10.1
1642,600768,2017-08-09,9.98
1643,600675,2017-11-21,9.95
1644,600645,2017-09-14,10.02
1645,600645,2017-07-13,10.0
1646,600569,2017-11-29,9.98
1647,600569,2017-09-27,10.1
1648,600569,2017-09-01,9.92
1649,600569,2017-08-09,10.07
1650,600569,2017-08-07,9.95
1651,600569,2017-08-04,10.14
1652,600569,2017-08-03,9.94
1653,600530,2017-08-07,9.95
1654,600503,2017-07-20,9.94
1655,600435,2017-08-04,9.98
1656,600382,2017-07-31,9.99
1657,600321,2017-06-15,9.95
1658,600318,2017-11-27,9.97
1659,600318,2017-09-05,10.02
1660,600318,2017-08-08,9.97
1661,600289,2017-08-18,9.96
1662,600231,2017-10-12,10.0
1663,600231,2017-09-27,10.0
1664,600231,2017-09-01,10.05
1665,600231,2017-08-31,10.1
1666,600231,2017-08-09,9.98
1667,600231,2017-08-03,10.1
1668,600231,2017-06-26,10.1
1669,600230,2017-08-15,10.01
1670,600230,2017-07-31,10.0
1671,600230,2017-07-25,10.0
1672,600230,2017-07-20,10.0
1673,600227,2017-08-02,10.02
1674,600148,2017-08-04,9.99
1675,600148,2017-07-24,9.99
1676,600148,2017-07-18,10.01
1677,600148,2017-07-06,10.01
1678,600148,2017-06-09,10.01
1679,600082,2017-06-05,10.03
1680,002761,2017-07-18,10.0
1681,002761,2017-07-14,9.99
1682,002761,2017-06-26,10.0
1683,002761,2017-06-20,10.01
1684,002761,2017-06-19,10.01
1685,002761,2017-06-16,9.99
1686,002740,2017-08-15,9.98
1687,002738,2017-08-22,10.02
1688,002738,2017-07-18,10.0
1689,002738,2017-06-16,10.03
1690,002655,2017-06-02,10.0
1691,002654,2017-09-18,10.02
1692,002648,2017-11-29,9.99
1693,002648,2017-06-12,9.98
1694,002631,2017-11-28,9.97
1695,002631,2017-06-14,10.04
1696,002622,2017-09-26,10.0
1697,002604,2017-09-14,9.99
1698,002604,2017-09-13,10.02
1699,002580,2017-08-10,9.95
1700,002580,2017-08-09,10.0
1701,002579,2017-06-15,10.05
1702,002575,2017-07-12,10.03
1703,002519,2017-08-17,9.95
1704,002507,2017-11-21,10.0
1705,002507,2017-07-28,9.99
1706,002464,2017-10-11,10.0
1707,002423,2017-08-03,10.0
1708,002423,2017-07-18,9.97
1709,002423,2017-06-19,10.0
1710,002423,2017-06-14,9.96
1711,002338,2017-09-05,9.98
1712,002263,2017-10-26,10.06
1713,002238,2017-10-30,10.04
1714,002226,2017-08-25,9.99
1715,002183,2017-09-05,10.05
1716,002163,2017-06-08,9.99
1717,002160,2017-09-12,10.04
1718,002160,2017-08-07,10.06
1719,002160,2017-07-11,10.01
1720,002123,2017-09-28,9.98
1721,002037,2017-08-22,10.02
1722,000995,2017-06-15,9.97
1723,000935,2017-11-29,9.99
1724,000935,2017-10-30,9.98
1725,000935,2017-09-13,10.01
1726,000935,2017-09-12,10.02
1727,000931,2017-08-18,10.03
1728,000930,2017-09-14,10.04
1729,000916,2017-12-01,10.05
1730,000916,2017-10-09,10.03
1731,000916,2017-07-12,10.0
1732,000916,2017-07-07,10.04
1733,000916,2017-07-06,10.0
1734,000916,2017-07-05,9.97
1735,000916,2017-07-04,9.99
1736,000916,2017-07-03,10.06
1737,000916,2017-06-30,10.05
1738,000916,2017-06-29,9.93
1739,000916,2017-06-28,10.1
1740,000812,2017-07-13,9.99
1741,000766,2017-06-26,10.02
1742,000757,2017-08-24,10.04
1743,000688,2017-08-17,10.02
1744,000678,2017-10-11,9.96
1745,000638,2017-06-07,9.97
1746,000638,2017-06-06,10.04
1747,000638,2017-06-05,10.02
1748,000638,2017-06-02,9.98
1749,000616,2017-08-04,9.93
1750,000592,2017-06-16,9.92
1751,000547,2017-08-07,9.96
1752,000547,2017-08-04,10.05
1753,000401,2017-08-01,10.01
1754,000022,2017-06-20,10.02
1755,000019,2017-07-20,9.97
1756,000019,2017-06-09,9.99
1757,000019,2017-06-08,10.04
1758,000007,2017-07-21,10.01
1759,000923,2017-11-27,9.99
1760,000923,2017-08-08,10.02
1761,600679,2017-07-07,10.01
1762,002801,2017-09-28,10.01
1763,603017,2017-08-29,9.98
1764,603226,2017-06-21,10.01
1765,603226,2017-06-20,10.0
1766,603226,2017-06-19,9.99
1767,603226,2017-06-16,10.0
1768,603226,2017-06-15,44.02
1769,600581,2017-11-06,10.03
1770,600581,2017-10-09,9.97
1771,600581,2017-07-03,10.03
1772,600581,2017-06-19,9.95
1773,603089,2017-07-06,9.93
1774,002843,2017-12-06,10.0
1775,002843,2017-11-01,10.01
1776,002843,2017-10-25,10.01
1777,002843,2017-10-13,10.01
1778,002843,2017-10-12,9.99
1779,002110,2017-11-29,9.98
1780,002110,2017-11-27,10.03
1781,002110,2017-07-10,10.01
1782,002774,2017-08-25,9.97
1783,603828,2017-06-07,10.01
1784,603223,2017-07-18,10.0
1785,002805,2017-09-18,10.0
1786,002805,2017-09-04,10.0
1787,002805,2017-08-02,9.99
1788,002805,2017-08-01,10.02
1789,002805,2017-06-13,10.0
1790,002805,2017-06-07,9.99
1791,002805,2017-06-06,10.01
1792,002721,2017-11-10,9.97
1793,600517,2017-11-02,10.04
1794,600517,2017-11-01,9.98
1795,600315,2017-10-13,10.01
1796,002246,2017-08-18,10.03
1797,600774,2017-10-09,10.01
1798,603069,2017-09-19,10.02
1799,603069,2017-07-25,10.05
1800,600760,2017-11-22,10.01
1801,600760,2017-08-04,10.02
1802,002132,2017-09-04,10.04
1803,603035,2017-10-11,9.99
1804,600862,2017-10-12,10.02
1805,600862,2017-08-04,10.04
1806,600862,2017-07-24,10.01
1807,002115,2017-10-09,9.97
1808,002115,2017-06-19,9.96
1809,000558,2017-06-07,10.06
1810,000558,2017-06-02,10.04
1811,603033,2017-07-27,10.01
1812,603033,2017-06-15,10.02
1813,002234,2017-07-18,9.99
1814,002234,2017-07-13,9.97
1815,002234,2017-07-03,9.97
1816,000912,2017-12-07,9.96
1817,000912,2017-09-12,10.03
1818,000912,2017-07-11,10.0
1819,000912,2017-07-05,10.0
1820,000912,2017-06-20,9.95
1821,000912,2017-06-15,10.04
1822,000912,2017-06-14,10.07
1823,000912,2017-06-02,9.95
1824,600238,2017-09-14,10.0
1825,603626,2017-11-24,9.99
1826,603626,2017-06-21,10.01
1827,000554,2017-08-18,10.04
1828,002628,2017-06-30,9.98
1829,000670,2017-12-06,10.0
1830,000670,2017-11-30,10.04
1831,000670,2017-09-12,9.95
1832,000670,2017-09-06,9.98
1833,000670,2017-09-05,9.93
1834,000670,2017-07-31,10.1
1835,000670,2017-06-27,10.1
1836,000670,2017-06-06,10.0
1837,002438,2017-11-24,9.99
1838,002231,2017-10-12,9.97
1839,002231,2017-06-09,10.0
1840,603042,2017-12-07,10.0
1841,603042,2017-09-25,10.01
1842,603042,2017-08-30,9.99
1843,603042,2017-08-29,10.02
1844,603042,2017-08-28,10.01
1845,603042,2017-08-25,9.99
1846,603042,2017-08-17,10.01
1847,603042,2017-06-13,10.0
1848,603042,2017-06-12,10.0
1849,603042,2017-06-09,9.99
1850,603042,2017-06-08,10.01
1851,603042,2017-06-07,9.99
1852,603042,2017-06-06,9.98
1853,603042,2017-06-05,9.99
1854,603042,2017-06-02,43.96
1855,600707,2017-07-24,9.95
1856,002846,2017-11-02,10.0
1857,002846,2017-10-26,10.01
1858,002846,2017-10-25,10.01
1859,002846,2017-10-13,10.01
1860,002846,2017-08-31,10.01
1861,002846,2017-08-18,9.99
1862,002846,2017-06-22,10.0
1863,002865,2017-06-15,10.02
1864,002082,2017-09-13,10.0
1865,000890,2017-08-04,10.07
1866,000711,2017-11-20,10.04
1867,002350,2017-07-12,10.03
1868,002350,2017-06-08,10.0
1869,002350,2017-06-07,10.0
1870,600083,2017-07-20,10.02
1871,600083,2017-07-19,9.99
1872,600083,2017-07-18,10.0
1873,002157,2017-08-08,10.1
1874,002524,2017-06-20,9.96
1875,002488,2017-08-22,10.03
1876,603286,2017-08-28,9.99
1877,603286,2017-07-11,9.99
1878,603286,2017-07-10,10.01
1879,603286,2017-07-07,10.02
1880,603286,2017-07-06,9.98
1881,603286,2017-07-05,10.01
1882,603286,2017-07-04,9.99
1883,603286,2017-07-03,10.0
1884,603286,2017-06-30,9.99
1885,603286,2017-06-29,10.03
1886,603286,2017-06-28,9.98
1887,603286,2017-06-27,44.01
1888,002845,2017-12-08,10.0
1889,002845,2017-10-17,9.99
1890,002845,2017-09-11,10.01
1891,002845,2017-09-01,10.0
1892,002845,2017-08-31,10.0
1893,002552,2017-07-26,10.01
1894,002552,2017-06-15,10.0
1895,603959,2017-10-19,10.02
1896,002598,2017-06-21,9.96
1897,600641,2017-08-18,10.0
1898,600400,2017-06-22,10.07
1899,600240,2017-07-24,9.98
1900,600808,2017-08-03,10.11
1901,000058,2017-09-29,10.05
1902,600706,2017-07-03,10.01
1903,002848,2017-11-03,10.0
1904,603729,2017-11-13,10.0
1905,603729,2017-11-10,10.0
1906,603729,2017-11-09,10.0
1907,603729,2017-11-08,10.01
1908,603326,2017-08-28,10.02
1909,603326,2017-06-30,9.99
1910,603326,2017-06-29,9.99
1911,603326,2017-06-23,10.0
1912,603326,2017-06-22,9.99
1913,603326,2017-06-21,10.01
1914,603326,2017-06-20,9.98
1915,603326,2017-06-19,9.99
1916,603326,2017-06-16,43.97
1917,000045,2017-11-07,9.99
1918,000045,2017-08-30,10.0
1919,000838,2017-11-21,10.03
1920,000838,2017-11-16,10.07
1921,000838,2017-09-29,10.02
1922,002240,2017-08-14,10.02
1923,000710,2017-11-16,10.01
1924,000710,2017-11-08,10.01
1925,000710,2017-09-14,10.0
1926,000710,2017-09-12,9.99
1927,000717,2017-11-28,10.05
1928,000717,2017-09-01,10.06
1929,000717,2017-08-30,10.03
1930,000717,2017-08-25,10.02
1931,002064,2017-08-04,10.1
1932,002214,2017-12-01,10.06
1933,002214,2017-11-23,10.01
1934,002214,2017-11-22,9.96
1935,002214,2017-11-21,9.94
1936,002668,2017-09-14,10.02
1937,603016,2017-10-26,9.99
1938,603016,2017-09-12,10.01
1939,603016,2017-09-11,10.0
1940,603016,2017-09-08,10.01
1941,603016,2017-09-07,10.0
1942,600816,2017-06-26,9.99
1943,002001,2017-11-21,10.01
1944,000682,2017-08-07,10.0
1945,002596,2017-09-22,9.98
1946,002596,2017-09-21,10.01
1947,600546,2017-11-28,9.91
1948,600546,2017-07-18,10.02
1949,600546,2017-07-06,10.11
1950,600358,2017-10-31,9.95
1951,600358,2017-10-20,10.03
1952,600358,2017-10-16,10.0
1953,000519,2017-12-07,10.06
1954,603299,2017-11-22,9.96
1955,603299,2017-11-15,10.03
1956,600506,2017-06-08,9.98
1957,603078,2017-09-20,10.01
1958,603058,2017-10-13,10.02
1959,600759,2017-11-07,9.98
1960,600683,2017-06-16,10.05
1961,600793,2017-11-29,9.99
1962,600793,2017-09-25,9.99
1963,600793,2017-06-16,9.99
1964,002724,2017-10-23,10.03
1965,002389,2017-10-13,10.0
1966,600617,2017-11-24,10.05
1967,002180,2017-09-21,9.99
1968,002180,2017-08-31,10.01
1969,000893,2017-10-27,9.95
1970,000893,2017-09-15,10.02
1971,600722,2017-12-04,10.01
1972,600722,2017-08-01,10.05
1973,600782,2017-08-30,9.98
1974,600353,2017-11-30,9.95
1975,600353,2017-09-29,10.05
1976,002853,2017-11-24,10.0
1977,002853,2017-09-06,10.0
1978,002853,2017-09-05,10.0
1979,002853,2017-08-31,10.0
1980,002853,2017-08-29,10.0
1981,002853,2017-08-28,10.0
1982,002853,2017-08-08,9.99
1983,002853,2017-08-07,10.0
1984,002853,2017-07-07,10.0
1985,601611,2017-12-07,10.0
1986,601611,2017-08-18,9.97
1987,601611,2017-08-17,9.96
1988,600130,2017-07-06,10.08
1989,600130,2017-06-06,10.0
1990,002652,2017-10-20,9.98
1991,002652,2017-10-19,10.04
1992,002652,2017-09-26,9.96
1993,002409,2017-11-10,9.99
1994,002409,2017-11-09,9.99
1995,002409,2017-11-08,9.99
1996,002409,2017-11-07,9.99
1997,002409,2017-11-06,10.02
1998,002409,2017-11-03,9.98
1999,002409,2017-11-02,9.99
2000,002068,2017-08-30,10.01
2001,002068,2017-07-26,9.96
2002,600939,2017-06-15,9.98
2003,600898,2017-06-15,9.97
2004,601231,2017-12-08,9.94
2005,002201,2017-11-27,9.99
2006,002201,2017-09-06,10.02
2007,002201,2017-08-01,9.98
2008,002300,2017-11-29,9.95
2009,600801,2017-09-14,9.98
2010,600801,2017-08-10,10.03
2011,002436,2017-12-06,9.93
2012,002517,2017-10-30,10.0
2013,002633,2017-06-09,10.01
2014,002839,2017-11-30,9.97
2015,002839,2017-11-29,10.05
2016,002839,2017-06-07,9.98
2017,002669,2017-12-06,10.01
2018,600958,2017-08-28,10.03
2019,600958,2017-07-19,10.02
2020,000687,2017-10-17,10.02
2021,002061,2017-06-27,10.03
2022,002061,2017-06-26,10.04
2023,002052,2017-10-27,10.0
2024,002052,2017-10-26,10.03
2025,002052,2017-06-06,10.0
2026,600293,2017-06-08,9.98
2027,002625,2017-11-29,9.99
2028,002625,2017-11-24,10.01
2029,600727,2017-08-18,10.01
2030,600744,2017-07-20,10.09
2031,603777,2017-10-17,10.01
2032,603086,2017-11-20,10.01
2033,002730,2017-11-23,10.05
2034,002785,2017-06-02,10.01
2035,603196,2017-06-12,10.02
2036,603196,2017-06-09,10.02
2037,603196,2017-06-08,9.99
2038,603196,2017-06-07,9.98
2039,603196,2017-06-06,10.02
2040,603196,2017-06-05,9.97
2041,603196,2017-06-02,9.98
2042,603196,2017-06-01,10.0
2043,002333,2017-11-09,10.03
2044,002333,2017-06-16,10.03
2045,000720,2017-11-28,10.07
2046,000720,2017-06-09,10.06
2047,002600,2017-12-07,9.97
2048,002600,2017-11-13,9.96
2049,002600,2017-08-22,9.98
2050,002600,2017-08-15,9.96
2051,002600,2017-08-14,10.04
2052,002600,2017-08-11,10.03
2053,002600,2017-08-10,10.08
2054,002600,2017-08-09,10.04
2055,000573,2017-06-02,10.07
2056,603679,2017-06-30,10.0
2057,603679,2017-06-29,10.0
2058,603679,2017-06-28,9.99
2059,603679,2017-06-27,10.0
2060,603679,2017-06-26,10.03
2061,603679,2017-06-23,10.03
2062,603679,2017-06-22,10.01
2063,603679,2017-06-21,43.96
2064,000004,2017-11-21,10.01
2065,000004,2017-11-15,10.0
2066,000004,2017-11-10,10.01
2067,002053,2017-12-04,9.98
2068,603806,2017-07-31,10.0
2069,600712,2017-08-15,10.05
2070,600712,2017-07-26,10.06
2071,600712,2017-07-25,9.94
2072,002446,2017-12-08,9.96
2073,002446,2017-09-29,10.0
2074,002535,2017-12-05,10.08
2075,002458,2017-08-08,10.0
2076,002458,2017-07-03,10.02
2077,002458,2017-06-12,10.01
2078,000697,2017-09-04,9.99
2079,600202,2017-11-09,9.99
2080,002330,2017-06-12,10.06
2081,600749,2017-09-14,10.0
2082,002059,2017-09-04,9.99
2083,002825,2017-12-07,10.02
2084,002825,2017-09-06,10.01
2085,002825,2017-06-08,10.02
2086,600209,2017-11-30,10.02
2087,600209,2017-06-30,10.02
2088,600209,2017-06-12,10.03
2089,000038,2017-12-07,10.02
2090,000038,2017-11-20,10.02
2091,000038,2017-11-16,10.0
2092,000038,2017-11-13,10.01
2093,000420,2017-12-08,10.16
2094,002278,2017-11-13,10.01
2095,002118,2017-11-09,10.0
2096,000969,2017-09-22,10.01
2097,603887,2017-06-07,9.99
2098,002199,2017-11-24,10.0
2099,002199,2017-07-20,10.02
2100,002824,2017-12-08,10.0
2101,002824,2017-08-22,10.02
2102,002824,2017-06-26,10.0
2103,002824,2017-06-13,10.0
2104,002824,2017-06-08,9.99
2105,002323,2017-12-04,10.0
2106,002323,2017-11-07,9.98
2107,002323,2017-10-30,9.98
2108,002323,2017-10-10,10.06
2109,000020,2017-12-07,10.04
2110,000020,2017-11-29,9.98
2111,603165,2017-09-11,10.0
2112,603165,2017-06-02,10.0
2113,002830,2017-11-16,10.01
2114,002830,2017-11-01,9.99
2115,002830,2017-09-06,10.02
2116,002830,2017-08-28,9.98
2117,002830,2017-08-25,9.99
2118,002830,2017-06-19,9.99
2119,002806,2017-12-06,9.99
2120,002806,2017-11-14,10.02
2121,002806,2017-11-02,10.0
2122,002806,2017-06-13,10.02
2123,002806,2017-06-07,9.99
2124,002806,2017-06-06,10.0
2125,002806,2017-06-02,10.01
2126,600311,2017-12-07,10.02
2127,600311,2017-12-04,9.95
2128,600311,2017-12-01,9.96
2129,002113,2017-08-14,9.98
2130,002113,2017-07-24,10.0
2131,600053,2017-12-05,9.99
2132,002796,2017-10-26,10.01
2133,002796,2017-08-25,9.99
2134,002796,2017-08-24,10.01
2135,002796,2017-08-23,10.0
2136,002485,2017-06-15,10.0
2137,002485,2017-06-14,10.02
2138,000677,2017-12-01,10.05
2139,002194,2017-12-01,10.02
2140,002194,2017-11-15,9.97
2141,002194,2017-09-29,9.97
2142,002194,2017-09-28,10.01
2143,002194,2017-09-27,10.04
2144,002194,2017-09-25,10.01
2145,002194,2017-09-22,9.98
2146,002194,2017-09-21,9.96
2147,002194,2017-08-17,10.04
2148,000608,2017-09-15,9.94
2149,000301,2017-10-11,9.97
2150,000301,2017-10-10,10.07
2151,000301,2017-10-09,10.1
2152,603843,2017-07-13,10.04
